time_period,time_identifier,geographic_level,country_code,country_name,version,establishment_type_group,breakdown_topic,breakdown,ks2_scaled_score_group,subject,qualification_type,num_11,num_21,num_22,num_32,num_33,num_43,num_44,num_54,num_55,num_65,num_66,num_76,num_77,num_87,num_88,num_98,num_99,num_u,num_x,num_covid_impacted,all_grades,perc_11,perc_21,perc_22,perc_32,perc_33,perc_43,perc_44,perc_54,perc_55,perc_65,perc_66,perc_76,perc_77,perc_87,perc_88,perc_98,perc_99,perc_u,perc_x,perc_covid_impacted
202324,Academic year,National,E92000001,England,Revised,All state-funded,Disadvantage,Disadvantaged,Total,Combined Science,GCSE,5775,7986,10464,13330,15024,15536,12084,10970,10595,4451,4046,3101,1952,1348,908,561,500,6001,2541,0,127173,4.5,6.3,8.2,10.5,11.8,12.2,9.5,8.6,8.3,3.5,3.2,2.4,1.5,1.1,0.7,0.4,0.4,4.7,2,0
202324,Academic year,National,E92000001,England,Revised,All state-funded,Disadvantage,Disadvantaged,Less than 80,Combined Science,GCSE,340,327,263,209,132,77,48,43,38,14,9,6,3,1,1,1,0,369,65,0,1946,17.5,16.8,13.5,10.7,6.8,4,2.5,2.2,2,0.7,0.5,0.3,0.2,0.1,0.1,0.1,0,19,3.3,0
202324,Academic year,National,E92000001,England,Revised,All state-funded,Disadvantage,Disadvantaged,80 - 89.5,Combined Science,GCSE,1392,1679,1520,1112,658,347,134,86,62,11,19,6,2,3,2,0,1,1251,332,0,8617,16.2,19.5,17.6,12.9,7.6,4,1.6,1,0.7,0.1,0.2,0.1,0,0,0,0,0,14.5,3.9,0
202324,Academic year,National,E92000001,England,Revised,All state-funded,Disadvantage,Disadvantaged,90 - 95.5,Combined Science,GCSE,1306,1870,2490,2654,2155,1463,701,392,248,46,57,25,17,15,5,1,0,1048,453,0,14946,8.7,12.5,16.7,17.8,14.4,9.8,4.7,2.6,1.7,0.3,0.4,0.2,0.1,0.1,0,0,0,7,3,0
202324,Academic year,National,E92000001,England,Revised,All state-funded,Disadvantage,Disadvantaged,96 - 99.5,Combined Science,GCSE,868,1280,2087,2822,3011,2517,1427,1028,723,197,130,90,47,25,21,10,2,806,415,0,17506,5,7.3,11.9,16.1,17.2,14.4,8.2,5.9,4.1,1.1,0.7,0.5,0.3,0.1,0.1,0.1,0,4.6,2.4,0
202324,Academic year,National,E92000001,England,Revised,All state-funded,Disadvantage,Disadvantaged,100 - 102,Combined Science,GCSE,465,789,1297,2043,2533,2668,1806,1455,1187,337,263,165,80,47,21,9,6,520,305,0,15996,2.9,4.9,8.1,12.8,15.8,16.7,11.3,9.1,7.4,2.1,1.6,1,0.5,0.3,0.1,0.1,0,3.3,1.9,0
202324,Academic year,National,E92000001,England,Revised,All state-funded,Disadvantage,Disadvantaged,102.5 - 104.5,Combined Science,GCSE,352,641,1038,1784,2579,3044,2499,2103,1935,696,575,351,222,114,52,30,24,534,325,0,18898,1.9,3.4,5.5,9.4,13.6,16.1,13.2,11.1,10.2,3.7,3,1.9,1.2,0.6,0.3,0.2,0.1,2.8,1.7,0
202324,Academic year,National,E92000001,England,Revised,All state-funded,Disadvantage,Disadvantaged,105 - 107,Combined Science,GCSE,247,396,640,1130,1807,2456,2348,2319,2266,995,768,572,325,195,111,76,27,375,236,0,17289,1.4,2.3,3.7,6.5,10.5,14.2,13.6,13.4,13.1,5.8,4.4,3.3,1.9,1.1,0.6,0.4,0.2,2.2,1.4,0
202324,Academic year,National,E92000001,England,Revised,All state-funded,Disadvantage,Disadvantaged,107.5 - 109.5,Combined Science,GCSE,124,162,281,509,882,1392,1495,1657,1806,942,836,712,424,277,172,89,72,203,136,0,12171,1,1.3,2.3,4.2,7.2,11.4,12.3,13.6,14.8,7.7,6.9,5.8,3.5,2.3,1.4,0.7,0.6,1.7,1.1,0
202324,Academic year,National,E92000001,England,Revised,All state-funded,Disadvantage,Disadvantaged,110 - 113,Combined Science,GCSE,58,66,123,229,396,671,823,1049,1280,736,808,678,465,356,261,148,118,119,83,0,8467,0.7,0.8,1.5,2.7,4.7,7.9,9.7,12.4,15.1,8.7,9.5,8,5.5,4.2,3.1,1.7,1.4,1.4,1,0
202324,Academic year,National,E92000001,England,Revised,All state-funded,Disadvantage,Disadvantaged,113.5 - 116.5,Combined Science,GCSE,7,15,21,37,46,124,183,240,358,242,296,237,194,176,146,114,125,29,18,0,2608,0.3,0.6,0.8,1.4,1.8,4.8,7,9.2,13.7,9.3,11.3,9.1,7.4,6.7,5.6,4.4,4.8,1.1,0.7,0
202324,Academic year,National,E92000001,England,Revised,All state-funded,Disadvantage,Disadvantaged,117 - 120,Combined Science,GCSE,0,0,0,4,6,5,14,32,41,26,30,51,28,25,38,22,68,3,2,0,395,0,0,0,1,1.5,1.3,3.5,8.1,10.4,6.6,7.6,12.9,7.1,6.3,9.6,5.6,17.2,0.8,0.5,0
202324,Academic year,National,E92000001,England,Revised,All state-funded,Disadvantage,Disadvantaged,No scaled score,Combined Science,GCSE,616,761,704,797,819,772,606,566,651,209,255,208,145,114,78,61,57,744,171,0,8334,7.4,9.1,8.4,9.6,9.8,9.3,7.3,6.8,7.8,2.5,3.1,2.5,1.7,1.4,0.9,0.7,0.7,8.9,2.1,0
202324,Academic year,National,E92000001,England,Revised,All state-funded,Disadvantage,Disadvantaged all other,Total,Combined Science,GCSE,5091,8182,13003,20201,28348,36743,34202,36734,40247,19931,18991,15455,10316,7630,5803,3737,4096,4936,1536,0,315182,1.6,2.6,4.1,6.4,9,11.7,10.9,11.7,12.8,6.3,6,4.9,3.3,2.4,1.8,1.2,1.3,1.6,0.5,0
202324,Academic year,National,E92000001,England,Revised,All state-funded,Disadvantage,Disadvantaged all other,Less than 80,Combined Science,GCSE,329,348,304,232,177,143,75,59,46,15,14,12,7,4,1,2,4,234,34,0,2040,16.1,17.1,14.9,11.4,8.7,7,3.7,2.9,2.3,0.7,0.7,0.6,0.3,0.2,0,0.1,0.2,11.5,1.7,0
202324,Academic year,National,E92000001,England,Revised,All state-funded,Disadvantage,Disadvantaged all other,80 - 89.5,Combined Science,GCSE,1184,1699,1840,1591,1073,588,301,130,111,25,10,7,6,3,0,1,0,725,115,0,9409,12.6,18.1,19.6,16.9,11.4,6.2,3.2,1.4,1.2,0.3,0.1,0.1,0.1,0,0,0,0,7.7,1.2,0
202324,Academic year,National,E92000001,England,Revised,All state-funded,Disadvantage,Disadvantaged all other,90 - 95.5,Combined Science,GCSE,1115,1963,3162,4129,4080,3064,1544,997,730,133,112,56,24,20,15,5,2,688,186,0,22025,5.1,8.9,14.4,18.7,18.5,13.9,7,4.5,3.3,0.6,0.5,0.3,0.1,0.1,0.1,0,0,3.1,0.8,0
202324,Academic year,National,E92000001,England,Revised,All state-funded,Disadvantage,Disadvantaged all other,96 - 99.5,Combined Science,GCSE,744,1353,2520,4545,6097,6365,4116,3141,2437,602,429,305,126,77,50,17,13,592,254,0,33783,2.2,4,7.5,13.5,18,18.8,12.2,9.3,7.2,1.8,1.3,0.9,0.4,0.2,0.1,0.1,0,1.8,0.8,0
202324,Academic year,National,E92000001,England,Revised,All state-funded,Disadvantage,Disadvantaged all other,100 - 102,Combined Science,GCSE,394,737,1549,3105,5043,6676,5438,4809,4229,1303,970,601,321,175,88,42,25,449,186,0,36140,1.1,2,4.3,8.6,14,18.5,15,13.3,11.7,3.6,2.7,1.7,0.9,0.5,0.2,0.1,0.1,1.2,0.5,0
202324,Academic year,National,E92000001,England,Revised,All state-funded,Disadvantage,Disadvantaged all other,102.5 - 104.5,Combined Science,GCSE,300,608,1204,2587,4748,7395,7305,7481,7378,2798,2286,1488,802,467,273,145,77,504,195,0,48041,0.6,1.3,2.5,5.4,9.9,15.4,15.2,15.6,15.4,5.8,4.8,3.1,1.7,1,0.6,0.3,0.2,1,0.4,0
202324,Academic year,National,E92000001,England,Revised,All state-funded,Disadvantage,Disadvantaged all other,105 - 107,Combined Science,GCSE,206,348,770,1540,3200,5764,6817,8022,9013,4324,3764,2706,1676,1009,629,309,204,450,188,0,50939,0.4,0.7,1.5,3,6.3,11.3,13.4,15.7,17.7,8.5,7.4,5.3,3.3,2,1.2,0.6,0.4,0.9,0.4,0
202324,Academic year,National,E92000001,England,Revised,All state-funded,Disadvantage,Disadvantaged all other,107.5 - 109.5,Combined Science,GCSE,87,149,310,688,1449,3081,4194,5808,7440,4527,4342,3531,2190,1487,1070,572,435,291,115,0,41766,0.2,0.4,0.7,1.6,3.5,7.4,10,13.9,17.8,10.8,10.4,8.5,5.2,3.6,2.6,1.4,1,0.7,0.3,0
202324,Academic year,National,E92000001,England,Revised,All state-funded,Disadvantage,Disadvantaged all other,110 - 113,Combined Science,GCSE,41,66,128,294,610,1443,2235,3625,5166,3852,4252,3904,2771,2254,1728,1104,1039,194,94,0,34800,0.1,0.2,0.4,0.8,1.8,4.1,6.4,10.4,14.8,11.1,12.2,11.2,8,6.5,5,3.2,3,0.6,0.3,0
202324,Academic year,National,E92000001,England,Revised,All state-funded,Disadvantage,Disadvantaged all other,113.5 - 116.5,Combined Science,GCSE,1,5,17,46,103,212,393,770,1280,1190,1515,1594,1396,1280,1163,913,1316,35,30,0,13259,0,0,0.1,0.3,0.8,1.6,3,5.8,9.7,9,11.4,12,10.5,9.7,8.8,6.9,9.9,0.3,0.2,0
202324,Academic year,National,E92000001,England,Revised,All state-funded,Disadvantage,Disadvantaged all other,117 - 120,Combined Science,GCSE,1,1,1,3,6,18,40,71,118,151,187,242,228,232,302,266,523,7,6,0,2403,0,0,0,0.1,0.2,0.7,1.7,3,4.9,6.3,7.8,10.1,9.5,9.7,12.6,11.1,21.8,0.3,0.2,0
202324,Academic year,National,E92000001,England,Revised,All state-funded,Disadvantage,Disadvantaged all other,No scaled score,Combined Science,GCSE,689,905,1198,1441,1762,1994,1744,1821,2299,1011,1110,1009,769,622,484,361,458,767,133,0,20577,3.3,4.4,5.8,7,8.6,9.7,8.5,8.8,11.2,4.9,5.4,4.9,3.7,3,2.4,1.8,2.2,3.7,0.6,0
202324,Academic year,National,E92000001,England,Revised,All state-funded,First language,English,Total,Combined Science,GCSE,8528,12776,18884,27439,35737,43308,38218,39375,41696,19341,17958,14325,9254,6752,4960,3140,3387,7990,3589,0,356657,2.4,3.6,5.3,7.7,10,12.1,10.7,11,11.7,5.4,5,4,2.6,1.9,1.4,0.9,0.9,2.2,1,0
202324,Academic year,National,E92000001,England,Revised,All state-funded,First language,English,Less than 80,Combined Science,GCSE,471,445,350,274,151,108,54,26,21,4,2,6,1,0,0,0,1,348,80,0,2342,20.1,19,14.9,11.7,6.4,4.6,2.3,1.1,0.9,0.2,0.1,0.3,0,0,0,0,0,14.9,3.4,0
202324,Academic year,National,E92000001,England,Revised,All state-funded,First language,English,80 - 89.5,Combined Science,GCSE,2114,2708,2657,2047,1252,623,272,113,94,14,7,4,4,1,2,1,0,1557,390,0,13860,15.3,19.5,19.2,14.8,9,4.5,2,0.8,0.7,0.1,0.1,0,0,0,0,0,0,11.2,2.8,0
202324,Academic year,National,E92000001,England,Revised,All state-funded,First language,English,90 - 95.5,Combined Science,GCSE,2127,3301,4787,5669,5047,3478,1644,957,642,81,69,24,15,10,5,1,1,1443,585,0,29886,7.1,11,16,19,16.9,11.6,5.5,3.2,2.1,0.3,0.2,0.1,0.1,0,0,0,0,4.8,2,0
202324,Academic year,National,E92000001,England,Revised,All state-funded,First language,English,96 - 99.5,Combined Science,GCSE,1441,2326,4011,6419,7793,7387,4458,3209,2350,490,344,223,91,51,37,8,9,1211,621,0,42479,3.4,5.5,9.4,15.1,18.3,17.4,10.5,7.6,5.5,1.2,0.8,0.5,0.2,0.1,0.1,0,0,2.9,1.5,0
202324,Academic year,National,E92000001,England,Revised,All state-funded,First language,English,100 - 102,Combined Science,GCSE,768,1357,2502,4512,6592,8083,6112,5146,4343,1137,824,505,254,142,69,31,13,821,457,0,43668,1.8,3.1,5.7,10.3,15.1,18.5,14,11.8,9.9,2.6,1.9,1.2,0.6,0.3,0.2,0.1,0,1.9,1,0
202324,Academic year,National,E92000001,England,Revised,All state-funded,First language,English,102.5 - 104.5,Combined Science,GCSE,583,1128,2009,3857,6460,9090,8409,8164,7827,2710,2124,1290,696,383,197,105,72,881,481,0,56466,1,2,3.6,6.8,11.4,16.1,14.9,14.5,13.9,4.8,3.8,2.3,1.2,0.7,0.3,0.2,0.1,1.6,0.9,0
202324,Academic year,National,E92000001,England,Revised,All state-funded,First language,English,105 - 107,Combined Science,GCSE,410,668,1254,2349,4464,7286,8001,8974,9737,4295,3618,2562,1482,866,539,279,167,686,390,0,58027,0.7,1.2,2.2,4,7.7,12.6,13.8,15.5,16.8,7.4,6.2,4.4,2.6,1.5,0.9,0.5,0.3,1.2,0.7,0
202324,Academic year,National,E92000001,England,Revised,All state-funded,First language,English,107.5 - 109.5,Combined Science,GCSE,190,279,527,1070,2103,3992,5037,6617,8092,4640,4275,3472,2092,1373,912,493,349,418,231,0,46162,0.4,0.6,1.1,2.3,4.6,8.6,10.9,14.3,17.5,10.1,9.3,7.5,4.5,3,2,1.1,0.8,0.9,0.5,0
202324,Academic year,National,E92000001,England,Revised,All state-funded,First language,English,110 - 113,Combined Science,GCSE,90,119,222,466,897,1901,2736,4187,5772,3990,4361,3889,2700,2136,1597,991,899,272,166,0,37391,0.2,0.3,0.6,1.2,2.4,5.1,7.3,11.2,15.4,10.7,11.7,10.4,7.2,5.7,4.3,2.7,2.4,0.7,0.4,0
202324,Academic year,National,E92000001,England,Revised,All state-funded,First language,English,113.5 - 116.5,Combined Science,GCSE,7,18,35,72,132,297,510,904,1477,1260,1567,1582,1336,1242,1088,828,1191,55,46,0,13647,0.1,0.1,0.3,0.5,1,2.2,3.7,6.6,10.8,9.2,11.5,11.6,9.8,9.1,8,6.1,8.7,0.4,0.3,0
202324,Academic year,National,E92000001,England,Revised,All state-funded,First language,English,117 - 120,Combined Science,GCSE,1,1,1,7,9,19,46,87,143,155,188,253,220,218,279,245,492,9,7,0,2380,0,0,0,0.3,0.4,0.8,1.9,3.7,6,6.5,7.9,10.6,9.2,9.2,11.7,10.3,20.7,0.4,0.3,0
202324,Academic year,National,E92000001,England,Revised,All state-funded,First language,English,No scaled score,Combined Science,GCSE,326,426,529,697,837,1044,939,991,1198,565,579,515,363,330,235,158,193,289,135,0,10349,3.2,4.1,5.1,6.7,8.1,10.1,9.1,9.6,11.6,5.5,5.6,5,3.5,3.2,2.3,1.5,1.9,2.8,1.3,0
202324,Academic year,National,E92000001,England,Revised,All state-funded,First language,Other than English,Total,Combined Science,GCSE,2223,3232,4374,5846,7309,8620,7779,8058,8869,4901,4942,4134,2936,2182,1713,1128,1192,2816,436,0,82690,2.7,3.9,5.3,7.1,8.8,10.4,9.4,9.7,10.7,5.9,6,5,3.6,2.6,2.1,1.4,1.4,3.4,0.5,0
202324,Academic year,National,E92000001,England,Revised,All state-funded,First language,Other than English,Less than 80,Combined Science,GCSE,196,224,214,164,157,110,67,76,63,25,21,12,9,5,2,3,3,254,19,0,1624,12.1,13.8,13.2,10.1,9.7,6.8,4.1,4.7,3.9,1.5,1.3,0.7,0.6,0.3,0.1,0.2,0.2,15.6,1.2,0
202324,Academic year,National,E92000001,England,Revised,All state-funded,First language,Other than English,80 - 89.5,Combined Science,GCSE,441,651,677,638,470,303,156,101,78,22,22,9,4,5,0,0,1,407,52,0,4037,10.9,16.1,16.8,15.8,11.6,7.5,3.9,2.5,1.9,0.5,0.5,0.2,0.1,0.1,0,0,0,10.1,1.3,0
202324,Academic year,National,E92000001,England,Revised,All state-funded,First language,Other than English,90 - 95.5,Combined Science,GCSE,278,506,827,1071,1146,1026,593,427,329,97,98,56,26,25,15,5,1,263,51,0,6840,4.1,7.4,12.1,15.7,16.8,15,8.7,6.2,4.8,1.4,1.4,0.8,0.4,0.4,0.2,0.1,0,3.8,0.7,0
202324,Academic year,National,E92000001,England,Revised,All state-funded,First language,Other than English,96 - 99.5,Combined Science,GCSE,152,276,560,913,1259,1454,1059,941,798,304,211,168,82,51,34,19,6,171,37,0,8495,1.8,3.2,6.6,10.7,14.8,17.1,12.5,11.1,9.4,3.6,2.5,2,1,0.6,0.4,0.2,0.1,2,0.4,0
202324,Academic year,National,E92000001,England,Revised,All state-funded,First language,Other than English,100 - 102,Combined Science,GCSE,78,150,320,603,941,1202,1092,1093,1041,491,400,259,146,79,39,20,18,141,22,0,8135,1,1.8,3.9,7.4,11.6,14.8,13.4,13.4,12.8,6,4.9,3.2,1.8,1,0.5,0.2,0.2,1.7,0.3,0
202324,Academic year,National,E92000001,England,Revised,All state-funded,First language,Other than English,102.5 - 104.5,Combined Science,GCSE,57,103,217,474,811,1291,1354,1369,1444,771,728,541,323,197,128,68,28,143,33,0,10080,0.6,1,2.2,4.7,8,12.8,13.4,13.6,14.3,7.6,7.2,5.4,3.2,2,1.3,0.7,0.3,1.4,0.3,0
202324,Academic year,National,E92000001,England,Revised,All state-funded,First language,Other than English,105 - 107,Combined Science,GCSE,36,65,136,295,506,871,1109,1306,1489,996,897,698,508,331,197,102,64,127,29,0,9762,0.4,0.7,1.4,3,5.2,8.9,11.4,13.4,15.3,10.2,9.2,7.2,5.2,3.4,2,1,0.7,1.3,0.3,0
202324,Academic year,National,E92000001,England,Revised,All state-funded,First language,Other than English,107.5 - 109.5,Combined Science,GCSE,18,26,56,118,209,445,616,816,1107,804,869,752,511,385,322,167,157,70,18,0,7466,0.2,0.3,0.8,1.6,2.8,6,8.3,10.9,14.8,10.8,11.6,10.1,6.8,5.2,4.3,2.2,2.1,0.9,0.2,0
202324,Academic year,National,E92000001,England,Revised,All state-funded,First language,Other than English,110 - 113,Combined Science,GCSE,8,11,24,51,98,199,307,465,654,576,672,673,518,468,388,256,256,37,10,0,5671,0.1,0.2,0.4,0.9,1.7,3.5,5.4,8.2,11.5,10.2,11.8,11.9,9.1,8.3,6.8,4.5,4.5,0.7,0.2,0
202324,Academic year,National,E92000001,England,Revised,All state-funded,First language,Other than English,113.5 - 116.5,Combined Science,GCSE,1,2,3,9,13,36,62,96,155,163,240,245,244,207,218,191,249,9,2,0,2145,0,0.1,0.1,0.4,0.6,1.7,2.9,4.5,7.2,7.6,11.2,11.4,11.4,9.7,10.2,8.9,11.6,0.4,0.1,0
202324,Academic year,National,E92000001,England,Revised,All state-funded,First language,Other than English,117 - 120,Combined Science,GCSE,0,0,0,0,3,4,8,15,15,22,29,39,36,38,60,43,98,1,1,0,412,0,0,0,0,0.7,1,1.9,3.6,3.6,5.3,7,9.5,8.7,9.2,14.6,10.4,23.8,0.2,0.2,0
202324,Academic year,National,E92000001,England,Revised,All state-funded,First language,Other than English,No scaled score,Combined Science,GCSE,958,1218,1340,1510,1696,1679,1356,1353,1696,630,755,682,529,391,310,254,311,1193,162,0,18023,5.3,6.8,7.4,8.4,9.4,9.3,7.5,7.5,9.4,3.5,4.2,3.8,2.9,2.2,1.7,1.4,1.7,6.6,0.9,0
202324,Academic year,National,E92000001,England,Revised,All state-funded,SEN status,Any SEN,Total,Combined Science,GCSE,4767,6568,7890,8962,8847,8463,6284,5438,5453,1899,1704,1216,834,595,397,275,272,3972,1749,0,75585,6.3,8.7,10.4,11.9,11.7,11.2,8.3,7.2,7.2,2.5,2.3,1.6,1.1,0.8,0.5,0.4,0.4,5.3,2.3,0
202324,Academic year,National,E92000001,England,Revised,All state-funded,SEN status,Any SEN,Less than 80,Combined Science,GCSE,561,557,424,321,192,133,61,29,27,6,2,3,0,1,1,1,1,465,84,0,2869,19.6,19.4,14.8,11.2,6.7,4.6,2.1,1,0.9,0.2,0.1,0.1,0,0,0,0,0,16.2,2.9,0
202324,Academic year,National,E92000001,England,Revised,All state-funded,SEN status,Any SEN,80 - 89.5,Combined Science,GCSE,1718,2208,2071,1670,1030,554,244,115,94,12,11,3,4,1,0,1,1,1285,301,0,11323,15.2,19.5,18.3,14.7,9.1,4.9,2.2,1,0.8,0.1,0.1,0,0,0,0,0,0,11.3,2.7,0
202324,Academic year,National,E92000001,England,Revised,All state-funded,SEN status,Any SEN,90 - 95.5,Combined Science,GCSE,1043,1739,2251,2492,2192,1529,773,473,349,39,41,16,14,7,4,1,0,770,331,0,14064,7.4,12.4,16,17.7,15.6,10.9,5.5,3.4,2.5,0.3,0.3,0.1,0.1,0,0,0,0,5.5,2.4,0
202324,Academic year,National,E92000001,England,Revised,All state-funded,SEN status,Any SEN,96 - 99.5,Combined Science,GCSE,534,777,1226,1673,1870,1675,1146,819,621,120,107,71,43,16,12,8,4,452,272,0,11446,4.7,6.8,10.7,14.6,16.3,14.6,10,7.2,5.4,1,0.9,0.6,0.4,0.1,0.1,0.1,0,3.9,2.4,0
202324,Academic year,National,E92000001,England,Revised,All state-funded,SEN status,Any SEN,100 - 102,Combined Science,GCSE,242,401,646,975,1127,1341,942,801,702,183,160,89,42,27,9,12,3,250,195,0,8147,3,4.9,7.9,12,13.8,16.5,11.6,9.8,8.6,2.2,2,1.1,0.5,0.3,0.1,0.1,0,3.1,2.4,0
202324,Academic year,National,E92000001,England,Revised,All state-funded,SEN status,Any SEN,102.5 - 104.5,Combined Science,GCSE,179,285,502,739,1006,1247,1086,1019,894,294,230,153,85,61,34,26,15,209,172,0,8236,2.2,3.5,6.1,9,12.2,15.1,13.2,12.4,10.9,3.6,2.8,1.9,1,0.7,0.4,0.3,0.2,2.5,2.1,0
202324,Academic year,National,E92000001,England,Revised,All state-funded,SEN status,Any SEN,105 - 107,Combined Science,GCSE,128,182,275,463,636,929,925,922,1042,403,347,225,155,82,54,29,23,148,146,0,7114,1.8,2.6,3.9,6.5,8.9,13.1,13,13,14.6,5.7,4.9,3.2,2.2,1.2,0.8,0.4,0.3,2.1,2.1,0
202324,Academic year,National,E92000001,England,Revised,All state-funded,SEN status,Any SEN,107.5 - 109.5,Combined Science,GCSE,54,65,104,211,341,496,548,602,792,395,353,231,178,133,86,54,31,79,85,0,4838,1.1,1.3,2.1,4.4,7,10.3,11.3,12.4,16.4,8.2,7.3,4.8,3.7,2.7,1.8,1.1,0.6,1.6,1.8,0
202324,Academic year,National,E92000001,England,Revised,All state-funded,SEN status,Any SEN,110 - 113,Combined Science,GCSE,24,43,51,100,151,254,297,393,553,286,285,243,190,142,99,69,77,57,54,0,3368,0.7,1.3,1.5,3,4.5,7.5,8.8,11.7,16.4,8.5,8.5,7.2,5.6,4.2,2.9,2,2.3,1.7,1.6,0
202324,Academic year,National,E92000001,England,Revised,All state-funded,SEN status,Any SEN,113.5 - 116.5,Combined Science,GCSE,2,5,12,13,24,57,59,92,167,81,92,104,71,62,65,55,68,7,13,0,1049,0.2,0.5,1.1,1.2,2.3,5.4,5.6,8.8,15.9,7.7,8.8,9.9,6.8,5.9,6.2,5.2,6.5,0.7,1.2,0
202324,Academic year,National,E92000001,England,Revised,All state-funded,SEN status,Any SEN,117 - 120,Combined Science,GCSE,1,1,1,1,1,3,11,13,18,14,12,11,16,16,18,7,32,0,3,0,179,0.6,0.6,0.6,0.6,0.6,1.7,6.1,7.3,10.1,7.8,6.7,6.1,8.9,8.9,10.1,3.9,17.9,0,1.7,0
202324,Academic year,National,E92000001,England,Revised,All state-funded,SEN status,Any SEN,No scaled score,Combined Science,GCSE,281,305,327,304,277,245,192,160,194,66,64,67,36,47,15,12,17,250,93,0,2952,9.5,10.3,11.1,10.3,9.4,8.3,6.5,5.4,6.6,2.2,2.2,2.3,1.2,1.6,0.5,0.4,0.6,8.5,3.2,0
202324,Academic year,National,E92000001,England,Revised,All state-funded,SEN status,No identified SEN,Total,Combined Science,GCSE,6056,9545,15515,24503,34455,43747,39948,42231,45342,22466,21314,17327,11427,8378,6309,4018,4318,6905,2315,0,366119,1.7,2.6,4.2,6.7,9.4,11.9,10.9,11.5,12.4,6.1,5.8,4.7,3.1,2.3,1.7,1.1,1.2,1.9,0.6,0
202324,Academic year,National,E92000001,England,Revised,All state-funded,SEN status,No identified SEN,Less than 80,Combined Science,GCSE,107,118,143,120,117,87,61,73,57,23,21,15,10,4,1,2,3,138,15,0,1115,9.6,10.6,12.8,10.8,10.5,7.8,5.5,6.5,5.1,2.1,1.9,1.3,0.9,0.4,0.1,0.2,0.3,12.4,1.3,0
202324,Academic year,National,E92000001,England,Revised,All state-funded,SEN status,No identified SEN,80 - 89.5,Combined Science,GCSE,854,1168,1286,1031,700,381,191,101,79,24,18,10,4,5,2,0,0,687,145,0,6686,12.8,17.5,19.2,15.4,10.5,5.7,2.9,1.5,1.2,0.4,0.3,0.1,0.1,0.1,0,0,0,10.3,2.2,0
202324,Academic year,National,E92000001,England,Revised,All state-funded,SEN status,No identified SEN,90 - 95.5,Combined Science,GCSE,1376,2088,3394,4285,4038,2998,1472,915,629,140,128,65,27,28,16,5,2,955,307,0,22868,6,9.1,14.8,18.7,17.7,13.1,6.4,4,2.8,0.6,0.6,0.3,0.1,0.1,0.1,0,0,4.2,1.3,0
202324,Academic year,National,E92000001,England,Revised,All state-funded,SEN status,No identified SEN,96 - 99.5,Combined Science,GCSE,1068,1843,3370,5687,7227,7202,4393,3350,2538,679,452,324,130,86,59,19,11,935,394,0,39767,2.7,4.6,8.5,14.3,18.2,18.1,11,8.4,6.4,1.7,1.1,0.8,0.3,0.2,0.1,0,0,2.4,1,0
202324,Academic year,National,E92000001,England,Revised,All state-funded,SEN status,No identified SEN,100 - 102,Combined Science,GCSE,609,1114,2189,4162,6442,7990,6298,5462,4711,1457,1072,677,359,195,100,39,28,715,294,0,43913,1.4,2.5,5,9.5,14.7,18.2,14.3,12.4,10.7,3.3,2.4,1.5,0.8,0.4,0.2,0.1,0.1,1.6,0.7,0
202324,Academic year,National,E92000001,England,Revised,All state-funded,SEN status,No identified SEN,102.5 - 104.5,Combined Science,GCSE,467,956,1738,3618,6308,9182,8716,8562,8414,3200,2631,1686,939,520,291,149,86,821,346,0,58630,0.8,1.6,3,6.2,10.8,15.7,14.9,14.6,14.4,5.5,4.5,2.9,1.6,0.9,0.5,0.3,0.1,1.4,0.6,0
202324,Academic year,National,E92000001,England,Revised,All state-funded,SEN status,No identified SEN,105 - 107,Combined Science,GCSE,320,556,1124,2199,4357,7275,8229,9412,10232,4914,4185,3052,1845,1121,686,355,208,672,275,0,61017,0.5,0.9,1.8,3.6,7.1,11.9,13.5,15.4,16.8,8.1,6.9,5,3,1.8,1.1,0.6,0.3,1.1,0.5,0
202324,Academic year,National,E92000001,England,Revised,All state-funded,SEN status,No identified SEN,107.5 - 109.5,Combined Science,GCSE,154,243,482,982,1984,3969,5132,6858,8440,5070,4822,4010,2435,1631,1154,607,476,413,165,0,49027,0.3,0.5,1,2,4,8.1,10.5,14,17.2,10.3,9.8,8.2,5,3.3,2.4,1.2,1,0.8,0.3,0
202324,Academic year,National,E92000001,England,Revised,All state-funded,SEN status,No identified SEN,110 - 113,Combined Science,GCSE,74,88,198,418,849,1852,2754,4277,5888,4298,4772,4337,3045,2468,1890,1183,1079,255,123,0,39848,0.2,0.2,0.5,1,2.1,4.6,6.9,10.7,14.8,10.8,12,10.9,7.6,6.2,4.7,3,2.7,0.6,0.3,0
202324,Academic year,National,E92000001,England,Revised,All state-funded,SEN status,No identified SEN,113.5 - 116.5,Combined Science,GCSE,6,15,26,68,123,278,516,915,1468,1348,1719,1726,1519,1393,1244,971,1373,57,35,0,14800,0,0.1,0.2,0.5,0.8,1.9,3.5,6.2,9.9,9.1,11.6,11.7,10.3,9.4,8.4,6.6,9.3,0.4,0.2,0
202324,Academic year,National,E92000001,England,Revised,All state-funded,SEN status,No identified SEN,117 - 120,Combined Science,GCSE,0,0,0,6,11,20,43,89,140,163,205,282,240,241,322,281,559,10,5,0,2617,0,0,0,0.2,0.4,0.8,1.6,3.4,5.3,6.2,7.8,10.8,9.2,9.2,12.3,10.7,21.4,0.4,0.2,0
202324,Academic year,National,E92000001,England,Revised,All state-funded,SEN status,No identified SEN,No scaled score,Combined Science,GCSE,1021,1356,1565,1927,2299,2513,2143,2217,2746,1150,1289,1143,874,686,544,407,493,1247,211,0,25831,4,5.2,6.1,7.5,8.9,9.7,8.3,8.6,10.6,4.5,5,4.4,3.4,2.7,2.1,1.6,1.9,4.8,0.8,0
202324,Academic year,National,E92000001,England,Revised,All state-funded,Sex,Boys,Total,Combined Science,GCSE,6375,8715,12042,16606,21733,26515,23900,24586,25326,11850,10992,8731,5721,4161,3057,1948,1959,6370,2123,0,222710,2.9,3.9,5.4,7.5,9.8,11.9,10.7,11,11.4,5.3,4.9,3.9,2.6,1.9,1.4,0.9,0.9,2.9,1,0
202324,Academic year,National,E92000001,England,Revised,All state-funded,Sex,Boys,Less than 80,Combined Science,GCSE,412,420,358,277,205,163,84,63,55,19,11,8,5,4,1,3,2,391,63,0,2544,16.2,16.5,14.1,10.9,8.1,6.4,3.3,2.5,2.2,0.7,0.4,0.3,0.2,0.2,0,0.1,0.1,15.4,2.5,0
202324,Academic year,National,E92000001,England,Revised,All state-funded,Sex,Boys,80 - 89.5,Combined Science,GCSE,1481,1827,1791,1540,1057,623,277,134,111,18,15,8,6,4,1,1,1,1193,257,0,10345,14.3,17.7,17.3,14.9,10.2,6,2.7,1.3,1.1,0.2,0.1,0.1,0.1,0,0,0,0,11.5,2.5,0
202324,Academic year,National,E92000001,England,Revised,All state-funded,Sex,Boys,90 - 95.5,Combined Science,GCSE,1440,2056,2893,3469,3427,2609,1349,861,592,110,96,42,21,22,11,2,1,1044,320,0,20365,7.1,10.1,14.2,17,16.8,12.8,6.6,4.2,2.9,0.5,0.5,0.2,0.1,0.1,0.1,0,0,5.1,1.6,0
202324,Academic year,National,E92000001,England,Revised,All state-funded,Sex,Boys,96 - 99.5,Combined Science,GCSE,937,1413,2295,3509,4713,4709,3098,2323,1767,414,327,208,101,74,38,21,7,799,354,0,27107,3.5,5.2,8.5,12.9,17.4,17.4,11.4,8.6,6.5,1.5,1.2,0.8,0.4,0.3,0.1,0.1,0,2.9,1.3,0
202324,Academic year,National,E92000001,England,Revised,All state-funded,Sex,Boys,100 - 102,Combined Science,GCSE,502,828,1380,2438,3613,4710,3830,3323,2843,842,654,390,213,119,63,29,20,558,251,0,26606,1.9,3.1,5.2,9.2,13.6,17.7,14.4,12.5,10.7,3.2,2.5,1.5,0.8,0.4,0.2,0.1,0.1,2.1,0.9,0
202324,Academic year,National,E92000001,England,Revised,All state-funded,Sex,Boys,102.5 - 104.5,Combined Science,GCSE,377,646,1099,2082,3442,5116,5002,4948,4715,1742,1450,909,520,284,158,101,44,550,257,0,33442,1.1,1.9,3.3,6.2,10.3,15.3,15,14.8,14.1,5.2,4.3,2.7,1.6,0.8,0.5,0.3,0.1,1.6,0.8,0
202324,Academic year,National,E92000001,England,Revised,All state-funded,Sex,Boys,105 - 107,Combined Science,GCSE,255,383,741,1284,2291,3957,4666,5256,5527,2668,2182,1584,952,591,348,184,124,414,200,0,33607,0.8,1.1,2.2,3.8,6.8,11.8,13.9,15.6,16.4,7.9,6.5,4.7,2.8,1.8,1,0.5,0.4,1.2,0.6,0
202324,Academic year,National,E92000001,England,Revised,All state-funded,Sex,Boys,107.5 - 109.5,Combined Science,GCSE,114,165,300,548,1114,2076,2721,3737,4485,2630,2456,2027,1243,848,630,329,236,243,117,0,26019,0.4,0.6,1.2,2.1,4.3,8,10.5,14.4,17.2,10.1,9.4,7.8,4.8,3.3,2.4,1.3,0.9,0.9,0.4,0
202324,Academic year,National,E92000001,England,Revised,All state-funded,Sex,Boys,110 - 113,Combined Science,GCSE,57,67,120,226,441,952,1381,2201,2977,2115,2239,2050,1427,1191,889,556,500,155,75,0,19619,0.3,0.3,0.6,1.2,2.2,4.9,7,11.2,15.2,10.8,11.4,10.4,7.3,6.1,4.5,2.8,2.5,0.8,0.4,0
202324,Academic year,National,E92000001,England,Revised,All state-funded,Sex,Boys,113.5 - 116.5,Combined Science,GCSE,6,7,19,41,77,164,267,471,705,646,810,817,651,583,533,410,593,29,19,0,6848,0.1,0.1,0.3,0.6,1.1,2.4,3.9,6.9,10.3,9.4,11.8,11.9,9.5,8.5,7.8,6,8.7,0.4,0.3,0
202324,Academic year,National,E92000001,England,Revised,All state-funded,Sex,Boys,117 - 120,Combined Science,GCSE,1,0,0,2,7,6,25,57,77,72,112,129,129,99,139,120,220,5,4,0,1204,0.1,0,0,0.2,0.6,0.5,2.1,4.7,6.4,6,9.3,10.7,10.7,8.2,11.5,10,18.3,0.4,0.3,0
202324,Academic year,National,E92000001,England,Revised,All state-funded,Sex,Boys,No scaled score,Combined Science,GCSE,793,903,1046,1190,1346,1430,1200,1212,1472,574,640,559,453,342,246,192,211,989,206,0,15004,5.3,6,7,7.9,9,9.5,8,8.1,9.8,3.8,4.3,3.7,3,2.3,1.6,1.3,1.4,6.6,1.4,0
202324,Academic year,National,E92000001,England,Revised,All state-funded,Sex,Girls,Total,Combined Science,GCSE,4491,7453,11425,16925,21639,25764,22386,23118,25516,12532,12045,9825,6547,4817,3654,2350,2637,4567,1954,0,219645,2,3.4,5.2,7.7,9.9,11.7,10.2,10.5,11.6,5.7,5.5,4.5,3,2.2,1.7,1.1,1.2,2.1,0.9,0
202324,Academic year,National,E92000001,England,Revised,All state-funded,Sex,Girls,Less than 80,Combined Science,GCSE,257,255,209,164,104,57,39,39,29,10,12,10,5,1,1,0,2,212,36,0,1442,17.8,17.7,14.5,11.4,7.2,4,2.7,2.7,2,0.7,0.8,0.7,0.3,0.1,0.1,0,0.1,14.7,2.5,0
202324,Academic year,National,E92000001,England,Revised,All state-funded,Sex,Girls,80 - 89.5,Combined Science,GCSE,1095,1551,1569,1163,674,312,158,82,62,18,14,5,2,2,1,0,0,783,190,0,7681,14.3,20.2,20.4,15.1,8.8,4.1,2.1,1.1,0.8,0.2,0.2,0.1,0,0,0,0,0,10.2,2.5,0
202324,Academic year,National,E92000001,England,Revised,All state-funded,Sex,Girls,90 - 95.5,Combined Science,GCSE,981,1777,2759,3314,2808,1918,896,528,386,69,73,39,20,13,9,4,1,692,319,0,16606,5.9,10.7,16.6,20,16.9,11.6,5.4,3.2,2.3,0.4,0.4,0.2,0.1,0.1,0.1,0,0,4.2,1.9,0
202324,Academic year,National,E92000001,England,Revised,All state-funded,Sex,Girls,96 - 99.5,Combined Science,GCSE,675,1220,2312,3858,4395,4173,2445,1846,1393,385,232,187,72,28,33,6,8,599,315,0,24182,2.8,5,9.6,16,18.2,17.3,10.1,7.6,5.8,1.6,1,0.8,0.3,0.1,0.1,0,0,2.5,1.3,0
202324,Academic year,National,E92000001,England,Revised,All state-funded,Sex,Girls,100 - 102,Combined Science,GCSE,357,698,1466,2710,3963,4634,3414,2941,2573,798,579,376,188,103,46,22,11,411,240,0,25530,1.4,2.7,5.7,10.6,15.5,18.2,13.4,11.5,10.1,3.1,2.3,1.5,0.7,0.4,0.2,0.1,0,1.6,0.9,0
202324,Academic year,National,E92000001,England,Revised,All state-funded,Sex,Girls,102.5 - 104.5,Combined Science,GCSE,275,603,1143,2289,3885,5323,4802,4636,4598,1752,1411,930,504,297,167,74,57,488,263,0,33497,0.8,1.8,3.4,6.8,11.6,15.9,14.3,13.8,13.7,5.2,4.2,2.8,1.5,0.9,0.5,0.2,0.2,1.5,0.8,0
202324,Academic year,National,E92000001,England,Revised,All state-funded,Sex,Girls,105 - 107,Combined Science,GCSE,198,361,669,1386,2716,4263,4499,5085,5752,2651,2350,1694,1049,613,392,201,107,411,224,0,34621,0.6,1,1.9,4,7.8,12.3,13,14.7,16.6,7.7,6.8,4.9,3,1.8,1.1,0.6,0.3,1.2,0.6,0
202324,Academic year,National,E92000001,England,Revised,All state-funded,Sex,Girls,107.5 - 109.5,Combined Science,GCSE,97,146,291,649,1217,2397,2968,3728,4761,2839,2722,2216,1371,916,612,332,271,251,134,0,27918,0.3,0.5,1,2.3,4.4,8.6,10.6,13.4,17.1,10.2,9.7,7.9,4.9,3.3,2.2,1.2,1,0.9,0.5,0
202324,Academic year,National,E92000001,England,Revised,All state-funded,Sex,Girls,110 - 113,Combined Science,GCSE,42,65,131,297,565,1162,1677,2473,3469,2473,2821,2532,1809,1419,1100,696,657,158,102,0,23648,0.2,0.3,0.6,1.3,2.4,4.9,7.1,10.5,14.7,10.5,11.9,10.7,7.6,6,4.7,2.9,2.8,0.7,0.4,0
202324,Academic year,National,E92000001,England,Revised,All state-funded,Sex,Girls,113.5 - 116.5,Combined Science,GCSE,2,13,19,42,72,172,309,539,933,786,1001,1014,939,873,776,617,848,35,29,0,9019,0,0.1,0.2,0.5,0.8,1.9,3.4,6,10.3,8.7,11.1,11.2,10.4,9.7,8.6,6.8,9.4,0.4,0.3,0
202324,Academic year,National,E92000001,England,Revised,All state-funded,Sex,Girls,117 - 120,Combined Science,GCSE,0,1,1,5,5,17,29,46,82,105,105,164,127,158,201,168,371,5,4,0,1594,0,0.1,0.1,0.3,0.3,1.1,1.8,2.9,5.1,6.6,6.6,10.3,8,9.9,12.6,10.5,23.3,0.3,0.3,0
202324,Academic year,National,E92000001,England,Revised,All state-funded,Sex,Girls,No scaled score,Combined Science,GCSE,512,763,856,1048,1235,1336,1150,1175,1478,646,725,658,461,394,316,230,304,522,98,0,13907,3.7,5.5,6.2,7.5,8.9,9.6,8.3,8.4,10.6,4.6,5.2,4.7,3.3,2.8,2.3,1.7,2.2,3.8,0.7,0
202324,Academic year,National,E92000001,England,Revised,All state-funded,Total,Total,Total,Combined Science,GCSE,10866,16168,23467,33531,43372,52279,46286,47704,50842,24382,23037,18556,12268,8978,6711,4298,4596,10937,4077,0,442355,2.5,3.7,5.3,7.6,9.8,11.8,10.5,10.8,11.5,5.5,5.2,4.2,2.8,2,1.5,1,1,2.5,0.9,0
202324,Academic year,National,E92000001,England,Revised,All state-funded,Total,Total,Less than 80,Combined Science,GCSE,669,675,567,441,309,220,123,102,84,29,23,18,10,5,2,3,4,603,99,0,3986,16.8,16.9,14.2,11.1,7.8,5.5,3.1,2.6,2.1,0.7,0.6,0.5,0.3,0.1,0.1,0.1,0.1,15.1,2.5,0
202324,Academic year,National,E92000001,England,Revised,All state-funded,Total,Total,80 - 89.5,Combined Science,GCSE,2576,3378,3360,2703,1731,935,435,216,173,36,29,13,8,6,2,1,1,1976,447,0,18026,14.3,18.7,18.6,15,9.6,5.2,2.4,1.2,1,0.2,0.2,0.1,0,0,0,0,0,11,2.5,0
202324,Academic year,National,E92000001,England,Revised,All state-funded,Total,Total,90 - 95.5,Combined Science,GCSE,2421,3833,5652,6783,6235,4527,2245,1389,978,179,169,81,41,35,20,6,2,1736,639,0,36971,6.5,10.4,15.3,18.3,16.9,12.2,6.1,3.8,2.6,0.5,0.5,0.2,0.1,0.1,0.1,0,0,4.7,1.7,0
202324,Academic year,National,E92000001,England,Revised,All state-funded,Total,Total,96 - 99.5,Combined Science,GCSE,1612,2633,4607,7367,9108,8882,5543,4169,3160,799,559,395,173,102,71,27,15,1398,669,0,51289,3.1,5.1,9,14.4,17.8,17.3,10.8,8.1,6.2,1.6,1.1,0.8,0.3,0.2,0.1,0.1,0,2.7,1.3,0
202324,Academic year,National,E92000001,England,Revised,All state-funded,Total,Total,100 - 102,Combined Science,GCSE,859,1526,2846,5148,7576,9344,7244,6264,5416,1640,1233,766,401,222,109,51,31,969,491,0,52136,1.6,2.9,5.5,9.9,14.5,17.9,13.9,12,10.4,3.1,2.4,1.5,0.8,0.4,0.2,0.1,0.1,1.9,0.9,0
202324,Academic year,National,E92000001,England,Revised,All state-funded,Total,Total,102.5 - 104.5,Combined Science,GCSE,652,1249,2242,4371,7327,10439,9804,9584,9313,3494,2861,1839,1024,581,325,175,101,1038,520,0,66939,1,1.9,3.3,6.5,10.9,15.6,14.6,14.3,13.9,5.2,4.3,2.7,1.5,0.9,0.5,0.3,0.2,1.6,0.8,0
202324,Academic year,National,E92000001,England,Revised,All state-funded,Total,Total,105 - 107,Combined Science,GCSE,453,744,1410,2670,5007,8220,9165,10341,11279,5319,4532,3278,2001,1204,740,385,231,825,424,0,68228,0.7,1.1,2.1,3.9,7.3,12,13.4,15.2,16.5,7.8,6.6,4.8,2.9,1.8,1.1,0.6,0.3,1.2,0.6,0
202324,Academic year,National,E92000001,England,Revised,All state-funded,Total,Total,107.5 - 109.5,Combined Science,GCSE,211,311,591,1197,2331,4473,5689,7465,9246,5469,5178,4243,2614,1764,1242,661,507,494,251,0,53937,0.4,0.6,1.1,2.2,4.3,8.3,10.5,13.8,17.1,10.1,9.6,7.9,4.8,3.3,2.3,1.2,0.9,0.9,0.5,0
202324,Academic year,National,E92000001,England,Revised,All state-funded,Total,Total,110 - 113,Combined Science,GCSE,99,132,251,523,1006,2114,3058,4674,6446,4588,5060,4582,3236,2610,1989,1252,1157,313,177,0,43267,0.2,0.3,0.6,1.2,2.3,4.9,7.1,10.8,14.9,10.6,11.7,10.6,7.5,6,4.6,2.9,2.7,0.7,0.4,0
202324,Academic year,National,E92000001,England,Revised,All state-funded,Total,Total,113.5 - 116.5,Combined Science,GCSE,8,20,38,83,149,336,576,1010,1638,1432,1811,1831,1590,1456,1309,1027,1441,64,48,0,15867,0.1,0.1,0.2,0.5,0.9,2.1,3.6,6.4,10.3,9,11.4,11.5,10,9.2,8.2,6.5,9.1,0.4,0.3,0
202324,Academic year,National,E92000001,England,Revised,All state-funded,Total,Total,117 - 120,Combined Science,GCSE,1,1,1,7,12,23,54,103,159,177,217,293,256,257,340,288,591,10,8,0,2798,0,0,0,0.3,0.4,0.8,1.9,3.7,5.7,6.3,7.8,10.5,9.1,9.2,12.2,10.3,21.1,0.4,0.3,0
202324,Academic year,National,E92000001,England,Revised,All state-funded,Total,Total,No scaled score,Combined Science,GCSE,1305,1666,1902,2238,2581,2766,2350,2387,2950,1220,1365,1217,914,736,562,422,515,1511,304,0,28911,4.5,5.8,6.6,7.7,8.9,9.6,8.1,8.3,10.2,4.2,4.7,4.2,3.2,2.5,1.9,1.5,1.8,5.2,1.1,0
